date,cpi,core_cpi,unemployment,gs2,gs10,pmi,cpi_yoy,core_cpi_yoy,cpi_yoy_direction,cpi_yoy_acceleration,core_cpi_direction,core_cpi_acceleration,yield_curve,pmi_direction,unemployment_direction,disinflation,inflation_rising,econ_slowdown,curve_inverted
2002-01-01,177.7,188.7,5.7,3.03,5.04,-0.05,,,,,,,2.0100000000000002,,,False,False,True,False
2002-02-01,178.0,189.1,5.7,3.02,4.91,-0.1,,,,,,,1.8900000000000001,-0.05,0.0,False,False,True,False
2002-03-01,178.5,189.2,5.7,3.56,5.28,-0.03,,,,,,,1.7200000000000002,0.07,0.0,False,False,True,False
2002-04-01,179.3,189.7,5.9,3.42,5.21,0.15,,,,,,,1.79,0.18,0.20000000000000018,False,False,True,False
2002-05-01,179.5,190.0,5.8,3.26,5.16,0.07,,,,,,,1.9000000000000004,-0.07999999999999999,-0.10000000000000053,False,False,True,False
2002-06-01,179.6,190.2,5.8,2.99,4.93,0.29,,,,,,,1.9399999999999995,0.21999999999999997,0.0,False,False,True,False
2002-07-01,180.0,190.5,5.8,2.56,4.65,-0.27,,,,,,,2.0900000000000003,-0.56,0.0,False,False,True,False
2002-08-01,180.5,191.1,5.7,2.13,4.26,-0.06,,,,,,,2.13,0.21000000000000002,-0.09999999999999964,False,False,True,False
2002-09-01,180.8,191.3,5.7,2.0,3.87,-0.34,,,,,,,1.87,-0.28,0.0,False,False,True,False
2002-10-01,181.2,191.5,5.7,1.91,3.94,-0.35,,,,,,,2.0300000000000002,-0.009999999999999953,0.0,False,False,True,False
2002-11-01,181.5,191.9,5.9,1.92,4.05,0.14,,,,,,,2.13,0.49,0.20000000000000018,False,False,True,False
2002-12-01,181.8,192.1,6.0,1.84,4.03,-0.59,,,,,,,2.1900000000000004,-0.73,0.09999999999999964,False,False,True,False
2003-01-01,182.6,192.4,5.8,1.74,4.05,0.39,0.02757456387169399,0.019607843137255054,,,,,2.3099999999999996,0.98,-0.20000000000000018,False,False,True,False
2003-02-01,183.6,192.5,5.9,1.63,3.9,-0.46,0.03146067415730336,0.017979904812268632,0.0038861102856093677,,-0.001627938324986422,,2.27,-0.8500000000000001,0.10000000000000053,False,True,True,False
2003-03-01,183.9,192.5,5.9,1.57,3.81,-0.18,0.03025210084033625,0.01744186046511631,-0.0012085733169671098,-0.0050946836025764775,-0.0005380443471523222,0.0010898939778341,2.24,0.28,0.0,True,False,True,False
2003-04-01,183.2,192.5,6.0,1.62,3.96,-0.63,0.02175125488008911,0.014760147601476037,-0.008500845960247139,-0.007292272643280029,-0.002681712863640273,-0.002143668516487951,2.34,-0.45,0.09999999999999964,True,False,True,False
2003-05-01,182.9,192.9,6.1,1.42,3.57,0.01,0.018941504178273005,0.015263157894736867,-0.002809750701816105,0.005691095258431034,0.0005030102932608305,0.0031847231569011036,2.15,0.64,0.09999999999999964,False,False,True,False
2003-06-01,183.1,193.0,6.3,1.23,3.33,0.13,0.01948775055679297,0.014721345951629994,0.0005462463785199656,0.0033559970803360706,-0.0005418119431068735,-0.001044822236367704,2.1,0.12000000000000001,0.20000000000000018,False,True,True,False
2003-07-01,183.7,193.4,6.2,1.47,3.98,0.09,0.020555555555555438,0.01522309711286085,0.0010678049987624672,0.0005215586202425015,0.0005017511612308567,0.0010435631043377303,2.51,-0.04000000000000001,-0.09999999999999964,False,True,True,False
2003-08-01,184.5,193.6,6.1,1.86,4.45,-0.15,0.02216066481994461,0.013082155939298845,0.0016051092643891707,0.0005373042656267035,-0.0021409411735620054,-0.002642692334792862,2.59,-0.24,-0.10000000000000053,False,True,True,False
2003-09-01,185.1,193.7,6.1,1.71,4.27,0.35,0.02378318584070782,0.012545739675901668,0.0016225210207632124,1.7411756374041687e-05,-0.000536416263397177,0.0016045249101648285,2.5599999999999996,0.5,0.0,False,True,True,False
2003-10-01,184.9,194.0,6.0,1.75,4.29,0.14,0.02041942604856528,0.01305483028720622,-0.00336375979214254,-0.004986280812905752,0.0005090906113045524,0.0010455068747017293,2.54,-0.20999999999999996,-0.09999999999999964,True,False,True,False
2003-11-01,185.0,194.0,5.8,1.93,4.3,0.48,0.019283746556473913,0.010943199583116181,-0.0011356794920913682,0.0022280803000511717,-0.0021116307040900395,-0.002620721315394592,2.37,0.33999999999999997,-0.20000000000000018,False,False,True,False
2003-12-01,185.5,194.2,5.7,1.91,4.27,0.03,0.020352035203520247,0.010931806350858997,0.0010682886470463338,0.002203968139137702,-1.1393232257184138e-05,0.0021002374718328554,2.3599999999999994,-0.44999999999999996,-0.09999999999999964,False,True,True,False
2004-01-01,186.3,194.6,5.7,1.76,4.15,0.05,0.020262869660460092,0.011434511434511352,-8.916554306015456e-05,-0.0011574541901064883,0.000502705083652355,0.0005140983159095391,2.3900000000000006,0.020000000000000004,0.0,True,False,True,False
2004-02-01,186.7,194.9,5.6,1.74,4.08,0.45,0.01688453159041381,0.012467532467532516,-0.003378338070046283,-0.0032891725269861283,0.0010330210330211642,0.0005303159493688092,2.34,0.4,-0.10000000000000053,True,False,True,False
2004-03-01,187.1,195.5,5.8,1.58,3.83,0.54,0.017400761283306032,0.01558441558441559,0.0005162296928922228,0.0038945677629385056,0.0031168831168830735,0.0020838620838619093,2.25,0.09000000000000002,0.20000000000000018,False,True,True,False
2004-04-01,187.4,195.9,5.6,2.07,4.35,0.08,0.022925764192139875,0.017662337662337713,0.005525002908833843,0.00500877321594162,0.002077922077922123,-0.0010389610389609505,2.28,-0.46,-0.20000000000000018,False,True,True,False
2004-05-01,188.2,196.2,5.6,2.53,4.72,0.55,0.028977583378895444,0.01710730948678063,0.006051819186755569,0.0005268162779217267,-0.0005550281755570818,-0.002632950253479205,2.19,0.47000000000000003,0.0,False,True,True,False
2004-06-01,188.9,196.6,5.6,2.76,4.73,-0.28,0.03167667941015839,0.01865284974093262,0.0026990960312629486,-0.0033527231554926207,0.0015455402541519891,0.002100568429709071,1.9700000000000006,-0.8300000000000001,0.0,False,True,True,False
2004-07-01,189.1,196.8,5.5,2.64,4.5,0.47,0.02939575394665228,0.0175801447776629,-0.0022809254635061116,-0.00498002149476906,-0.0010727049632697216,-0.002618245217421711,1.8599999999999999,0.75,-0.09999999999999964,True,False,True,False
2004-08-01,189.2,196.9,5.4,2.51,4.28,0.29,0.025474254742547275,0.017045454545454586,-0.003921499204105006,-0.001640573740598894,-0.0005346902322083125,0.0005380147310614092,1.7700000000000005,-0.18,-0.09999999999999964,True,False,True,False
2004-09-01,189.8,197.5,5.4,2.53,4.13,0.17,0.025391680172879516,0.01961796592669085,-8.257456966775933e-05,0.0038389246344372463,0.0025725113812362643,0.003107201613444577,1.6,-0.11999999999999997,0.0,False,False,True,False
2004-10-01,190.8,197.9,5.5,2.58,4.1,0.43,0.03190914007571655,0.020103092783505083,0.006517459902837031,0.00660003447250479,0.00048512685681423307,-0.0020873845244220313,1.5199999999999996,0.26,0.09999999999999964,False,True,True,False
2004-11-01,191.7,198.3,5.4,2.85,4.19,0.04,0.03621621621621607,0.02216494845360839,0.004307076140499522,-0.002210383762337509,0.0020618556701033075,0.0015767288132890744,1.3400000000000003,-0.39,-0.09999999999999964,False,True,True,False
2004-12-01,191.7,198.6,5.4,3.01,4.23,0.84,0.033423180592991875,0.022657054582904346,-0.0027930356232241937,-0.0071001117637237154,0.000492106129295955,-0.0015697495408073525,1.2200000000000006,0.7999999999999999,0.0,True,False,True,False
2005-01-01,191.6,199.0,5.3,3.22,4.22,0.19,0.028448738593666034,0.02261048304213764,-0.00497444199932584,-0.0021814063761016467,-4.6571540766704445e-05,-0.0005386776700626594,0.9999999999999996,-0.6499999999999999,-0.10000000000000053,True,False,True,False
2005-02-01,192.4,199.4,5.4,3.38,4.17,0.4,0.030530262453133394,0.02308876346844535,0.00208152385946736,0.007055965858793201,0.00047828042630770895,0.0005248519670744134,0.79,0.21000000000000002,0.10000000000000053,False,True,True,False
2005-03-01,193.1,200.1,5.2,3.73,4.5,-0.28,0.032068412613575736,0.0235294117647058,0.001538150160442342,-0.0005433736990250182,0.00044064829626044855,-3.7632130047260404e-05,0.77,-0.68,-0.20000000000000018,False,True,True,False
2005-04-01,193.7,200.2,5.2,3.65,4.34,0.57,0.03361792956243326,0.021949974476773715,0.0015495169488575211,1.136678841517913e-05,-0.001579437287932084,-0.0020200855841925325,0.69,0.85,0.0,False,True,True,False
2005-05-01,193.6,200.5,5.1,3.64,4.14,-0.02,0.02869287991498415,0.021916411824668858,-0.004925049647449109,-0.00647456659630663,-3.3562652104857094e-05,0.0015458746358272268,0.49999999999999956,-0.59,-0.10000000000000053,True,False,True,False
2005-06-01,193.7,200.6,5.0,3.64,4.0,0.41,0.02541026998411855,0.020345879959308144,-0.0032826099308655987,0.0016424397165835103,-0.0015705318653607137,-0.0015369692132558566,0.3599999999999999,0.43,-0.09999999999999964,False,False,True,False
2005-07-01,194.9,200.9,5.0,3.87,4.18,-0.05,0.03067160232681121,0.02083333333333326,0.0052613323426926595,0.008543942273558258,0.00048745337402511524,0.002057985239385829,0.3099999999999996,-0.45999999999999996,0.0,False,True,True,False
2005-08-01,196.1,201.1,4.9,4.04,4.26,0.21,0.03646934460887952,0.021330624682579957,0.005797742282068308,0.0005364099393756483,0.0004972913492466979,9.837975221582695e-06,0.21999999999999975,0.26,-0.09999999999999964,False,True,True,False
2005-09-01,198.8,201.3,5.0,3.95,4.2,-0.62,0.04741833508956805,0.019240506329113893,0.010948990480688536,0.0051512481986202285,-0.002090118353466064,-0.002587409702712762,0.25,-0.83,0.09999999999999964,False,True,True,False
2005-10-01,199.1,202.0,5.0,4.27,4.46,0.65,0.04350104821802936,0.02071753410813537,-0.003917286871538694,-0.01486627735222723,0.001477027779021478,0.003567146132487542,0.1900000000000004,1.27,0.0,True,False,True,False
2005-11-01,198.1,202.5,5.0,4.42,4.54,0.75,0.03338549817423053,0.021180030257186067,-0.010115550043798827,-0.006198263172260132,0.00046249614905069514,-0.001014531629970783,0.1200000000000001,0.09999999999999998,0.0,True,False,True,False
2005-12-01,198.1,202.8,4.9,4.4,4.47,0.33,0.03338549817423053,0.021148036253776592,0.0,0.010115550043798827,-3.199400340947456e-05,-0.0004944901524601697,0.0699999999999994,-0.42,-0.09999999999999964,False,False,True,False
2006-01-01,199.3,203.2,4.7,4.4,4.42,0.47,0.04018789144050117,0.021105527638190846,0.006802393266270634,0.006802393266270634,-4.25086155857457e-05,-1.0514612176271143e-05,0.019999999999999574,0.13999999999999996,-0.20000000000000018,False,True,True,False
2006-02-01,199.4,203.6,4.8,4.67,4.57,0.1,0.0363825363825363,0.02106318956870612,-0.0038053550579648654,-0.0106077483242355,-4.2338069484726404e-05,1.7054610101929768e-07,-0.09999999999999964,-0.37,0.09999999999999964,True,False,True,True
2006-03-01,199.7,204.3,4.7,4.73,4.72,0.22,0.03417918177110302,0.020989505247376306,-0.0022033546114332836,0.0016020004465315818,-7.36843213298144e-05,-3.134625184508799e-05,-0.010000000000000675,0.12,-0.09999999999999964,False,False,True,True
2006-04-01,200.7,204.8,4.7,4.89,4.99,-0.09,0.03613835828600931,0.022977022977023198,0.001959176514906291,0.004162531126339575,0.0019875177296468927,0.002061202050976707,0.10000000000000053,-0.31,0.0,False,True,True,False
2006-05-01,201.3,205.4,4.6,4.97,5.11,0.02,0.03977272727272729,0.0244389027431422,0.003634368986717984,0.0016751924718116928,0.0014618797661190008,-0.0005256379635278918,0.14000000000000057,0.11,-0.10000000000000053,False,True,True,False
2006-06-01,201.8,205.9,4.6,5.12,5.11,0.02,0.041817243159525175,0.026420737786640114,0.002044515886797882,-0.0015898530999201022,0.001981835043497915,0.000519955277378914,-0.009999999999999787,0.0,0.0,False,True,True,True
2006-07-01,202.9,206.3,4.7,5.12,5.09,-0.27,0.041046690610569536,0.026879044300647026,-0.0007705525489556386,-0.0028150684357535205,0.000458306514006912,-0.0015235285294910028,-0.03000000000000025,-0.29000000000000004,0.10000000000000053,True,False,True,True
2006-08-01,203.8,206.8,4.7,4.9,4.88,0.18,0.03926568077511483,0.028344107409249197,-0.0017810098354547055,-0.0010104572864990669,0.0014650631086021715,0.0010067565945952595,-0.020000000000000462,0.45,0.0,True,False,True,True
2006-09-01,202.8,207.2,4.5,4.77,4.72,0.0,0.02012072434607637,0.02930948832588176,-0.019144956429038462,-0.017363946593583757,0.0009653809166325633,-0.0004996821919696082,-0.04999999999999982,-0.18,-0.20000000000000018,True,False,True,True
2006-10-01,201.9,207.6,4.4,4.8,4.73,-0.27,0.014063284781516971,0.027722772277227747,-0.006057439564559397,0.013087516864479065,-0.0015867160486540133,-0.0025520969652865766,-0.0699999999999994,-0.27,-0.09999999999999964,False,False,True,True
2006-11-01,202.0,207.8,4.5,4.74,4.6,-0.12,0.01968702675416467,0.026172839506172885,0.0056237419726477,0.011681181537207097,-0.0015499327710548627,3.6783277599150566e-05,-0.14000000000000057,0.15000000000000002,0.09999999999999964,False,True,True,True
2006-12-01,203.1,208.1,4.4,4.67,4.56,0.77,0.025239777889954462,0.026134122287968298,0.005552751135789791,-7.09908368579093e-05,-3.8717218204586956e-05,0.0015112155528502758,-0.11000000000000032,0.89,-0.09999999999999964,False,True,True,True
2007-01-01,203.437,208.6,4.6,4.88,4.76,-0.48,0.020757651781234232,0.026574803149606252,-0.00448212610872023,-0.010034877244510021,0.0004406808616379543,0.00047939807984254124,-0.1200000000000001,-1.25,0.1999999999999993,True,False,True,True
2007-02-01,204.226,209.135,4.5,4.85,4.72,0.19,0.02420260782347028,0.0271856581532417,0.003444956042236047,0.007927082150956277,0.0006108550036354465,0.00017017414199749226,-0.1299999999999999,0.6699999999999999,-0.09999999999999964,False,True,True,True
2007-03-01,205.288,209.418,4.4,4.57,4.56,0.24,0.027981972959439272,0.025051395007342103,0.003779365135968993,0.0003344090937329458,-0.0021342631458995953,-0.002745118149535042,-0.010000000000000675,0.04999999999999999,-0.09999999999999964,False,True,True,True
2007-04-01,205.904,209.747,4.5,4.67,4.69,-0.1,0.025929247633283525,0.024155273437499902,-0.0020527253261557465,-0.005832090462124739,-0.0008961215698422009,0.0012381415760573944,0.020000000000000462,-0.33999999999999997,0.09999999999999964,True,False,True,False
2007-05-01,206.755,210.058,4.4,4.77,4.75,0.05,0.02709885742672613,0.022677702044790582,0.0011696097934426053,0.003222335119598352,-0.0014775713927093204,-0.0005814498228671194,-0.019999999999999574,0.15000000000000002,-0.09999999999999964,False,True,True,True
2007-06-01,207.234,210.392,4.6,4.98,5.1,-0.03,0.02692765113974227,0.02181641573579407,-0.00017120628698386042,-0.0013408160804264657,-0.0008612863089965117,0.0006162850837128087,0.11999999999999922,-0.08,0.1999999999999993,True,False,True,False
2007-07-01,207.603,210.773,4.7,4.82,5.0,-0.39,0.023178905864958077,0.021682016480853106,-0.003748745274784193,-0.0035775389878003327,-0.0001343992549409645,0.0007268870540555472,0.17999999999999972,-0.36,0.10000000000000053,True,False,True,False
2007-08-01,207.667,211.119,4.6,4.31,4.67,-0.08,0.01897448478900876,0.020884912959380886,-0.004204421075949316,-0.00045567580116512296,-0.00079710352147222,-0.0006627042665312555,0.3600000000000003,0.31,-0.10000000000000053,True,False,True,False
2007-09-01,208.547,211.554,4.7,4.01,4.52,-0.08,0.028338264299802685,0.02101351351351366,0.009363779510793924,0.01356820058674324,0.00012860055413277394,0.0009257040756049939,0.5099999999999998,0.0,0.10000000000000053,False,True,True,False
2007-10-01,209.19,212.077,4.7,3.97,4.53,-0.27,0.03610698365527476,0.021565510597302495,0.007768719355472076,-0.001595060155321848,0.0005519970837888355,0.00042339652965606156,0.56,-0.19,0.0,False,True,True,False
2007-11-01,210.834,212.66,4.7,3.34,4.15,-0.08,0.04373267326732666,0.023387872954764077,0.0076256896120519,-0.0001430297434201755,0.0018223623574615821,0.0012703652736727467,0.8100000000000005,0.19,0.0,False,True,True,False
2007-12-01,211.445,213.168,5.0,3.12,4.1,-0.45,0.04108813392417532,0.024353676117251366,-0.002644539343151342,-0.010270228955203242,0.0009658031624872887,-0.0008565591949742934,0.9799999999999995,-0.37,0.2999999999999998,True,False,True,False
2008-01-01,212.174,213.771,5.0,2.48,3.74,-0.23,0.04294695655165981,0.024789069990412305,0.001858822627484491,0.004503361970635833,0.0004353938731609386,-0.0005304092893263501,1.2600000000000002,0.22,0.0,False,True,True,False
2008-02-01,212.687,213.939,4.9,1.97,3.74,-0.79,0.04142959270611968,0.022970808329547898,-0.0015173638455401317,-0.0033761864730246227,-0.0018182616608644064,-0.002253655534025345,1.7700000000000002,-0.56,-0.09999999999999964,True,False,True,False
2008-03-01,213.448,214.42,5.1,1.62,3.51,-0.78,0.03974903550134434,0.02388524386633417,-0.0016805572047753348,-0.00016319335923520306,0.0009144355367862733,0.0027326971976506798,1.8899999999999997,0.010000000000000009,0.1999999999999993,True,False,True,False
2008-04-01,213.942,214.56,5.0,2.05,3.68,-0.66,0.039037609759888126,0.02294669292051843,-0.0007114257414562175,0.0009691314633191173,-0.0009385509458157415,-0.0018529864826020148,1.6300000000000003,0.12,-0.09999999999999964,False,False,True,False
2008-05-01,215.208,214.936,5.4,2.45,3.88,-0.83,0.04088413823123993,0.023222157689781087,0.0018465284713518049,0.0025579542128080224,0.0002754647692626566,0.0012140157150783981,1.4299999999999997,-0.16999999999999993,0.40000000000000036,False,True,True,False
2008-06-01,217.463,215.424,5.6,2.77,4.1,-0.72,0.04935966105947864,0.023917259211376996,0.008475522828238713,0.006628994356886908,0.0006951015215959089,0.00041963675233325226,1.3299999999999996,0.10999999999999999,0.1999999999999993,False,True,True,False
2008-07-01,219.016,215.965,5.8,2.57,4.01,-1.2,0.054975120783418374,0.02463313612274831,0.005615459723939731,-0.002860063104298982,0.0007158769113713159,2.077538977540705e-05,1.44,-0.48,0.20000000000000018,False,True,True,False
2008-08-01,218.69,216.393,6.1,2.42,3.89,-1.25,0.053080171620912386,0.024981171756213394,-0.0018949491625059878,-0.007510408886445719,0.0003480356334650825,-0.00036784127790623344,1.4700000000000002,-0.050000000000000044,0.2999999999999998,True,False,True,False
2008-09-01,218.877,216.713,6.1,2.08,3.69,-2.57,0.04953319875136075,0.024386208722122937,-0.0035469728695516345,-0.0016520237070456467,-0.0005949630340904566,-0.0009429986675555391,1.6099999999999999,-1.3199999999999998,0.0,True,False,True,False
2008-10-01,216.995,216.788,6.5,1.61,3.81,-1.12,0.03731057889956513,0.022213629955157854,-0.012222619851795624,-0.00867564698224399,-0.002172578766965083,-0.0015776157328746265,2.2,1.4499999999999997,0.40000000000000036,True,False,True,False
2008-11-01,213.153,216.947,6.8,1.21,3.53,-2.33,0.010999174706166848,0.02015893915169764,-0.02631140419339828,-0.014088784341602656,-0.002054690803460213,0.00011788796350487019,2.32,-1.21,0.2999999999999998,True,False,True,False
2008-12-01,211.398,216.925,7.3,0.82,2.42,-2.66,-0.0002222800255385904,0.017624596562335837,-0.011221454731705438,0.015089949461692842,-0.0025343425893618043,-0.0004796517859015914,1.6,-0.33000000000000007,0.5,False,False,True,False
2009-01-01,211.933,217.346,7.8,0.81,2.52,-3.02,-0.0011358601902212717,0.016723503187990874,-0.0009135801646826813,0.010307874567022757,-0.0009010933743449634,0.001633249215016841,1.71,-0.3599999999999999,0.5,False,False,True,False
2009-02-01,212.705,217.792,8.3,0.98,2.87,-1.23,8.463140671510772e-05,0.01800980653363804,0.0012204915969363794,0.0021340717616190608,0.0012863033456471662,0.0021873967199921296,1.8900000000000001,1.79,0.5000000000000009,False,True,True,False
2009-03-01,212.495,218.253,8.7,0.93,2.82,-2.33,-0.004464787676623838,0.017876130957932945,-0.004549419083338946,-0.005769910680275325,-0.00013367557570509447,-0.0014199789213522607,1.8899999999999997,-1.1,0.3999999999999986,True,False,True,False
2009-04-01,212.709,218.706,9.0,0.93,2.93,-1.6,-0.005763244243767063,0.0193232662192393,-0.0012984565671432247,0.003250962516195721,0.0014471352613063537,0.0015808108370114482,2.0,0.73,0.3000000000000007,False,False,True,False
2009-05-01,213.022,218.904,9.4,0.93,3.29,-1.18,-0.01015761495855172,0.018461309413034588,-0.004394370714784657,-0.003095914147641432,-0.0008619568062047112,-0.002309092067511065,2.36,0.42000000000000015,0.40000000000000036,True,False,True,False
2009-06-01,214.79,219.112,9.5,1.18,3.72,-0.93,-0.012291746182109153,0.017119726678550107,-0.002134131223557434,0.002260239491227223,-0.001341582734484481,-0.0004796259282797699,2.54,0.2499999999999999,0.09999999999999964,False,False,True,False
2009-07-01,214.726,219.263,9.5,1.02,3.56,0.14,-0.01958761003762277,0.015270992984974363,-0.007295863855513618,-0.005161732631956184,-0.0018487336935757437,-0.0005071509590912626,2.54,1.07,0.0,True,False,True,False
2009-08-01,215.445,219.496,9.6,1.12,3.59,0.0,-0.014838355663267633,0.014339650543224725,0.0047492543743551385,0.012045118229868756,-0.0009313424417496385,0.0009173912518261051,2.4699999999999998,-0.14,0.09999999999999964,False,True,True,False
2009-09-01,215.861,219.92,9.8,0.96,3.4,-0.21,-0.01377942862886472,0.014798373886199645,0.0010589270344029122,-0.0036903273399522263,0.00045872334297492046,0.001390065784724559,2.44,-0.21,0.20000000000000107,False,True,True,False
2009-10-01,216.509,220.501,10.0,0.95,3.39,-0.29,-0.002239682942003385,0.017127331771131127,0.011539745686861336,0.010480818652458423,0.002328957884931482,0.0018702345419565614,2.4400000000000004,-0.07999999999999999,0.1999999999999993,False,True,True,False
2009-11-01,217.234,220.666,9.9,0.8,3.4,0.06,0.019145871744709275,0.01714243571010421,0.02138555468671266,0.009845808999851324,1.5103938973082265e-05,-0.0023138539459583995,2.5999999999999996,0.35,-0.09999999999999964,False,True,True,False
2009-12-01,217.347,220.881,9.9,0.87,3.59,-0.29,0.028141231232083674,0.018236717759594345,0.0089953594873744,-0.01239019519933826,0.0010942820494901362,0.001079178110517054,2.7199999999999998,-0.35,0.0,False,True,True,False
2010-01-01,217.488,220.633,9.8,0.93,3.73,0.16,0.026211113889767157,0.015123351706495702,-0.0019301173423165174,-0.010925476829690917,-0.003113366053098643,-0.004207648102588779,2.8,0.44999999999999996,-0.09999999999999964,True,False,True,False
2010-02-01,217.281,220.731,9.8,0.86,3.69,-0.35,0.02151336357866529,0.013494526888039982,-0.004697750311101867,-0.0027676329687853496,-0.0016288248184557208,0.001484541234642922,2.83,-0.51,0.0,True,False,True,False
2010-03-01,217.353,220.783,9.9,0.96,3.73,0.47,0.022861714393279886,0.011592051426555505,0.0013483508146145962,0.006046101125716463,-0.0019024754614844763,-0.0002736506430287555,2.77,0.82,0.09999999999999964,False,True,True,False
2010-04-01,217.403,220.822,9.9,1.06,3.85,0.4,0.022067707525304403,0.009675088932173947,-0.000794006867975483,-0.002142357682590079,-0.0019169624943815577,-1.448703289708142e-05,2.79,-0.06999999999999995,0.0,True,False,True,False
2010-05-01,217.29,220.962,9.6,0.83,3.42,0.3,0.020035489292185682,0.00940138142747493,-0.002032218233118721,-0.001238211365143238,-0.0002737075046990167,0.001643254989682541,2.59,-0.10000000000000003,-0.3000000000000007,True,False,True,False
2010-06-01,217.199,221.194,9.4,0.72,3.2,-0.17,0.011215605940686268,0.009501989849939774,-0.008819883351499413,-0.006787665118380692,0.00010060842246484292,0.00037431592716385964,2.4800000000000004,-0.47,-0.1999999999999993,True,False,True,False
2010-07-01,217.605,221.363,9.4,0.62,3.01,0.15,0.013407784804821077,0.009577539302116689,0.0021921788641348083,0.011012062215634222,7.554945217691511e-05,-2.5058970287927806e-05,2.3899999999999997,0.32,0.0,False,True,True,False
2010-08-01,217.923,221.509,9.5,0.52,2.7,-0.16,0.011501775395112546,0.009171009950067255,-0.0019060094097085312,-0.0040981882738433395,-0.00040652935204943397,-0.0004820788042263491,2.18,-0.31,0.09999999999999964,True,False,True,False
2010-09-01,218.275,221.711,9.5,0.48,2.65,-0.19,0.011183122472331775,0.008143870498363182,-0.00031865292278077106,0.00158735648692776,-0.0010271394517040733,-0.0006206100996546393,2.17,-0.03,0.0,False,False,True,False
2010-10-01,219.035,221.83,9.4,0.38,2.54,-0.12,0.011666951489314625,0.006027183550187942,0.00048382901698285075,0.0008024819397636218,-0.0021166869481752393,-0.001089547496471166,2.16,0.07,-0.09999999999999964,False,True,True,False
2010-11-01,219.59,222.149,9.8,0.45,2.76,-0.19,0.01084544776600338,0.00672056411046551,-0.0008215037233112454,-0.0013053327402940962,0.0006933805602775678,0.002810067508452807,2.3099999999999996,-0.07,0.40000000000000036,True,False,True,False
2010-12-01,220.472,222.343,9.3,0.62,3.29,0.09,0.01437793022217937,0.006618948664665503,0.0035324824561759893,0.004353986179487235,-0.00010161544580000736,-0.0007949960060775751,2.67,0.28,-0.5,False,True,True,False
2011-01-01,221.187,222.803,9.1,0.61,3.39,0.02,0.017007834915029774,0.009835337415527112,0.0026299046928504044,-0.0009025777633255849,0.0032163887508616096,0.003318004196661617,2.7800000000000002,-0.06999999999999999,-0.20000000000000107,False,True,True,False
2011-02-01,221.898,223.213,9.0,0.77,3.58,-0.38,0.02124898173333145,0.01124445592146106,0.004241146818301678,0.0016112421254512732,0.0014091185059339484,-0.0018072702449276612,2.81,-0.4,-0.09999999999999964,False,True,True,False
2011-03-01,223.046,223.454,9.0,0.7,3.41,0.41,0.02619241510354109,0.012097851736773357,0.004943433370209638,0.0007022865519079602,0.0008533958153122967,-0.0005557226906216517,2.71,0.79,0.0,False,True,True,False
2011-04-01,224.093,223.727,9.1,0.73,3.46,-0.48,0.030772344447868694,0.013155392125784537,0.004579929344327605,-0.00036350402588203323,0.00105754038901118,0.0002041445736988834,2.73,-0.8899999999999999,0.09999999999999964,False,True,True,False
2011-05-01,224.806,224.175,9.0,0.56,3.17,-0.34,0.034589718808965,0.014540961794335727,0.003817374361096304,-0.0007625549832313006,0.0013855696685511898,0.0003280292795400097,2.61,0.13999999999999996,-0.09999999999999964,False,True,True,False
2011-06-01,224.806,224.697,9.1,0.41,3.0,0.01,0.03502318150636041,0.01583677676609674,0.00043346269739541476,-0.0033839116637008892,0.0012958149717610112,-8.975469679017856e-05,2.59,0.35000000000000003,0.09999999999999964,False,True,True,False
2011-07-01,225.395,225.218,9.0,0.41,3.0,0.17,0.035798809769996165,0.01741483445742964,0.0007756282636357525,0.0003421655662403378,0.0015780576913329014,0.0002822427195718902,2.59,0.16,-0.09999999999999964,False,True,True,False
2011-08-01,226.106,225.862,9.0,0.23,2.3,0.01,0.0375499603070808,0.019651571719433658,0.0017511505370846336,0.0009755222734488811,0.0022367372620040182,0.0006586795706711168,2.07,-0.16,0.0,False,True,True,False
2011-09-01,226.597,226.118,9.0,0.21,1.98,-0.27,0.03812621692818685,0.019877227562006272,0.0005762566211060527,-0.001174893915978581,0.00022565584257261406,-0.002011081419431404,1.77,-0.28,0.0,False,True,True,False
2011-10-01,226.75,226.506,8.8,0.28,2.15,0.16,0.035222681306640524,0.021079204796465634,-0.002903535621546327,-0.0034797922426523797,0.0012019772344593616,0.0009763213918867475,1.8699999999999999,0.43000000000000005,-0.1999999999999993,True,False,True,False
2011-11-01,227.169,226.899,8.6,0.25,2.01,-0.35,0.03451432214581729,0.02138204538395394,-0.0007083591608232354,0.0021951764607230917,0.00030284058748830667,-0.0008991366469710549,1.7599999999999998,-0.51,-0.20000000000000107,False,False,True,False
2011-12-01,227.223,227.405,8.5,0.26,1.98,0.27,0.03062066838419386,0.02276662633858506,-0.003893653761623428,-0.0031852946008001926,0.0013845809546311205,0.0010817403671428139,1.72,0.62,-0.09999999999999964,True,False,True,False
2012-01-01,227.842,227.877,8.3,0.24,1.97,0.36,0.030087663379855023,0.022773481506083826,-0.0005330050043388379,0.00336064875728459,6.855167498764914e-06,-0.0013777257871323556,1.73,0.08999999999999997,-0.1999999999999993,False,False,True,False
2012-02-01,228.329,228.034,8.3,0.28,1.97,-0.01,0.028981784423473878,0.021598204405657295,-0.0011058789563811455,-0.0005728739520423076,-0.0011752771004265306,-0.0011821322679252955,1.69,-0.37,0.0,True,False,True,False
2012-03-01,228.807,228.478,8.2,0.34,2.17,-0.39,0.025828752813320977,0.022483374654291177,-0.003153031610152901,-0.0020471526537717555,0.0008851702486338819,0.0020604473490604125,1.8299999999999998,-0.38,-0.10000000000000142,True,False,True,False
2012-04-01,229.187,228.905,8.2,0.29,2.05,0.06,0.022731633741348567,0.02314427851801515,-0.0030971190719724095,5.591253818049147e-05,0.0006609038637239717,-0.00022426638490991024,1.7599999999999998,0.45,0.0,False,False,True,False
2012-05-01,228.713,229.224,8.2,0.29,1.8,-0.17,0.01737942937466075,0.022522582803613078,-0.005352204366687818,-0.0022550852947154088,-0.0006216957144020707,-0.0012825995781260424,1.51,-0.23,0.0,True,False,True,False
2012-06-01,228.524,229.623,8.2,0.29,1.62,-0.33,0.01653870448297634,0.02192285611289857,-0.0008407248916844079,0.00451147947500341,-0.0005997266907145082,2.1969023687562483e-05,1.33,-0.16,0.0,False,False,True,False
2012-07-01,228.59,229.97,8.2,0.25,1.53,-0.28,0.014175114798464783,0.02109955687378462,-0.002363589684511558,-0.00152286479282715,-0.0008232992391139504,-0.00022357254839944218,1.28,0.04999999999999999,0.0,True,False,True,False
2012-08-01,229.918,230.233,8.1,0.27,1.68,-0.45,0.016859349154821235,0.019352524993137443,0.002684234356356452,0.00504782404086801,-0.0017470318806471763,-0.0009237326415332259,1.41,-0.16999999999999998,-0.09999999999999964,False,True,True,False
2012-09-01,231.015,230.659,7.8,0.26,1.72,-0.11,0.019497168982819613,0.020082434834909124,0.0026378198279983778,-4.6414528358074136e-05,0.0007299098417716809,0.0024769417224188572,1.46,0.34,-0.2999999999999998,False,True,True,False
2012-10-01,231.638,231.024,7.8,0.28,1.75,-0.26,0.021556780595369363,0.019946491483669337,0.00205961161254975,-0.0005782082154486279,-0.00013594335123978674,-0.0008658531930114677,1.47,-0.15000000000000002,0.0,False,True,True,False
2012-11-01,231.249,231.33,7.7,0.27,1.65,0.28,0.017960197033926262,0.019528512686261434,-0.0035965835614431008,-0.005656195173992851,-0.000417978797407903,-0.00028203544616811627,1.38,0.54,-0.09999999999999964,True,False,True,False
2012-12-01,231.221,231.725,7.9,0.26,1.72,0.14,0.017595049796895523,0.018996943778720743,-0.0003651472370307385,0.0032314363244123623,-0.0005315689075406915,-0.00011359011013278852,1.46,-0.14,0.20000000000000018,False,False,True,False
2013-01-01,231.679,232.229,8.0,0.27,1.91,-0.33,0.01684061762098299,0.019098022178631435,-0.0007544321759125339,-0.0003892849388817954,0.00010107839991069234,0.0006326473074513839,1.64,-0.47000000000000003,0.09999999999999964,True,False,True,False
2013-02-01,232.937,232.569,7.7,0.27,1.98,0.23,0.020181404902574807,0.01988738521448563,0.003340787281591817,0.004095219457504351,0.0007893630358541959,0.0006882846359435035,1.71,0.56,-0.2999999999999998,False,True,True,False
2013-03-01,232.282,232.794,7.5,0.26,1.96,-0.26,0.015187472411246183,0.018890221377988237,-0.004993932491328623,-0.00833471977292044,-0.0009971638364973945,-0.0017865268723515904,1.7,-0.49,-0.20000000000000018,True,False,True,False
2013-04-01,231.797,232.832,7.6,0.23,1.76,-0.29,0.01138808047576867,0.01715558856294086,-0.003799391935477514,0.001194540555851109,-0.0017346328150473767,-0.0007374689785499822,1.53,-0.02999999999999997,0.09999999999999964,False,False,True,False
2013-05-01,231.893,232.996,7.5,0.25,1.93,0.14,0.013903888279197085,0.016455519491850756,0.002515807803428416,0.00631519973890593,-0.0007000690710901036,0.001034563743957273,1.68,0.43,-0.09999999999999964,False,True,True,False
2013-06-01,232.445,233.35,7.5,0.33,2.3,-0.14,0.017157935271568725,0.016230952474272975,0.0032540469923716397,0.0007382391889432238,-0.00022456701757778141,0.0004755020535123222,1.9699999999999998,-0.28,0.0,False,True,True,False
2013-07-01,232.9,233.88,7.3,0.34,2.58,-0.52,0.01885471805415806,0.01700221768056709,0.0016967827825893345,-0.0015572642097823053,0.0007712652062941139,0.0009958322238718953,2.24,-0.38,-0.20000000000000018,False,True,True,False
2013-08-01,233.456,234.336,7.2,0.36,2.74,0.3,0.01538809488600279,0.01782107690904433,-0.0034666231681552695,-0.005163405950744604,0.0008188592284772422,4.759402218312836e-05,2.3800000000000003,0.8200000000000001,-0.09999999999999964,True,False,True,False
2013-09-01,233.544,234.7,7.2,0.4,2.81,0.09,0.010947341081747997,0.017519368418314363,-0.004440753804254793,-0.0009741306360995239,-0.0003017084907299683,-0.0011205677192072105,2.41,-0.21,0.0,True,False,True,False
2013-10-01,233.669,234.921,7.2,0.34,2.62,0.01,0.00876799143491147,0.01686837731144819,-0.002179349646836526,0.0022614041574182675,-0.0006509911068661722,-0.00034928261613620393,2.2800000000000002,-0.08,0.0,False,False,True,False
2013-11-01,234.1,235.359,6.9,0.3,2.72,0.3,0.012328701961954458,0.017416677473738762,0.0035607105270429873,0.005740060173879513,0.0005483001622905714,0.0011992912691567437,2.4200000000000004,0.29,-0.2999999999999998,False,True,True,False
2013-12-01,234.719,235.759,6.7,0.34,2.9,-0.15,0.015128383667573297,0.017408566188369834,0.0027996817056188394,-0.0007610288214241478,-8.111285368928023e-06,-0.0005564114476594995,2.56,-0.44999999999999996,-0.20000000000000018,False,True,True,False
2014-01-01,235.288,235.961,6.6,0.39,2.86,-0.7,0.01557758795574915,0.016070344358370292,0.0004492042881758529,-0.0023504774174429865,-0.0013382218299995419,-0.0013301105446306138,2.4699999999999998,-0.5499999999999999,-0.10000000000000053,False,True,True,False
2014-02-01,235.547,236.185,6.7,0.33,2.71,0.44,0.011204746347724948,0.015548073904948723,-0.004372841608024203,-0.004822045896200056,-0.0005222704534215694,0.0008159513765779725,2.38,1.14,0.10000000000000053,True,False,True,False
2014-03-01,236.028,236.625,6.7,0.4,2.72,0.48,0.016126949139408042,0.016456609706435588,0.004922202791683095,0.009295044399707297,0.000908535801486865,0.0014308062549084344,2.3200000000000003,0.03999999999999998,0.0,False,True,True,False
2014-04-01,236.468,237.072,6.2,0.42,2.71,0.05,0.02015125303606169,0.018210555250137483,0.004024303896653647,-0.0008978988950294475,0.0017539455437018958,0.0008454097422150308,2.29,-0.43,-0.5,False,True,True,False
2014-05-01,236.918,237.529,6.3,0.39,2.56,0.11,0.02166947687079812,0.019455269618362525,0.0015182238347364319,-0.0025060800619172152,0.0012447143682250417,-0.0005092311754768541,2.17,0.06,0.09999999999999964,False,True,True,False
2014-06-01,237.231,237.837,6.1,0.45,2.6,0.14,0.020589816945944195,0.019228626526676562,-0.0010796599248539263,-0.002597883759590358,-0.00022664309168596297,-0.0014713574599110046,2.15,0.030000000000000013,-0.20000000000000018,True,False,True,False
2014-07-01,237.498,238.195,6.2,0.51,2.54,0.3,0.019742378703305974,0.018449632290063356,-0.000847438242638221,0.00023222168221570527,-0.0007789942366132063,-0.0005523511449272434,2.0300000000000002,0.15999999999999998,0.10000000000000053,False,False,True,False
2014-08-01,237.46,238.405,6.1,0.47,2.42,-0.23,0.017150983482969062,0.0173639560289498,-0.0025913952203369117,-0.0017439569776986907,-0.001085676261113555,-0.00030668202450034876,1.95,-0.53,-0.10000000000000053,True,False,True,False
2014-09-01,237.477,238.786,5.9,0.57,2.53,0.01,0.016840509711232077,0.017409458883681284,-0.0003104737717369854,0.0022809214485999263,4.5502854731482856e-05,0.001131179115845038,1.96,0.24000000000000002,-0.1999999999999993,False,False,True,False
2014-10-01,237.43,239.191,5.7,0.45,2.3,0.03,0.016095417021513292,0.01817632310436279,-0.0007450926897187848,-0.0004346189179817994,0.0007668642206815068,0.000721361365950024,1.8499999999999999,0.019999999999999997,-0.20000000000000018,True,False,True,False
2014-11-01,236.983,239.458,5.8,0.53,2.33,0.27,0.01231524989320798,0.017415947552462452,-0.0037801671283053118,-0.003035074438586527,-0.0007603755519003386,-0.0015272397725818454,1.8,0.24000000000000002,0.09999999999999964,True,False,True,False
2014-12-01,236.252,239.584,5.6,0.64,2.21,0.06,0.006531213919623191,0.016224195046636636,-0.005784035973584789,-0.0020038688452794773,-0.001191752505825816,-0.0004313769539254775,1.5699999999999998,-0.21000000000000002,-0.20000000000000018,True,False,True,False
2015-01-01,234.747,239.811,5.7,0.55,1.88,-0.26,-0.002299309782054282,0.01631625565241701,-0.008830523701677473,-0.003046487728092684,9.206060578037523e-05,0.0012838131116061913,1.3299999999999998,-0.32,0.10000000000000053,True,False,True,False
2015-02-01,235.342,240.172,5.5,0.62,1.98,-0.48,-0.0008703146293520536,0.016880834938713285,0.0014289951527022282,0.010259518854379701,0.000564579286296274,0.00047251868051589874,1.3599999999999999,-0.21999999999999997,-0.20000000000000018,False,True,True,False
2015-03-01,235.976,240.755,5.4,0.64,2.04,0.01,-0.00022031284423873476,0.017453777073428434,0.0006500017851133189,-0.0007789933675889094,0.0005729421347151487,8.362848418874691e-06,1.4,0.49,-0.09999999999999964,False,True,True,False
2015-04-01,236.222,241.346,5.4,0.54,1.94,-0.01,-0.0010403098939391064,0.01802827832894649,-0.0008199970497003717,-0.0014699988348136905,0.0005745012555180562,1.5591208029075432e-06,1.4,-0.02,0.0,True,False,True,False
2015-05-01,237.001,241.688,5.6,0.61,2.2,-0.34,0.0003503321824429584,0.0175094409524732,0.0013906420763820648,0.0022106391260824365,-0.0005188373764732912,-0.0010933386319913474,1.5900000000000003,-0.33,0.1999999999999993,False,True,True,False
2015-06-01,237.657,242.064,5.3,0.69,2.36,-0.14,0.001795718097550525,0.01777267624465506,0.0014453859151075665,5.47438387255017e-05,0.0002632352921818626,0.0007820726686551538,1.67,0.2,-0.2999999999999998,False,True,True,False
2015-07-01,238.034,242.565,5.2,0.67,2.32,0.35,0.0022568611104094582,0.018346312894897077,0.00046114301285893333,-0.0009842429022486332,0.0005736366502420154,0.0003104013580601528,1.65,0.49,-0.09999999999999964,False,True,True,False
2015-08-01,238.033,242.817,5.1,0.7,2.17,-0.28,0.002413037985344868,0.018506323273421277,0.00015617687493540977,-0.00030496613792352356,0.0001600103785242002,-0.0004136262717178152,1.47,-0.63,-0.10000000000000053,False,True,True,False
2015-09-01,237.498,243.316,5.0,0.71,2.17,-0.12,8.842961634170088e-05,0.01897096144665089,-0.002324608369003167,-0.002480785243938577,0.00046463817322961454,0.00030462779470541435,1.46,0.16000000000000003,-0.09999999999999964,True,False,True,False
2015-10-01,237.733,243.768,5.0,0.64,2.07,-0.26,0.0012761656067050708,0.019135335359607986,0.00118773599036337,0.003512344359366537,0.00016437391295709425,-0.0003002642602725203,1.4299999999999997,-0.14,0.0,False,True,True,False
2015-11-01,238.017,244.241,5.1,0.88,2.26,-0.36,0.004363182169185187,0.019974275238246353,0.003087016562480116,0.001899280572116746,0.0008389398786383673,0.000674565965681273,1.38,-0.09999999999999998,0.09999999999999964,False,True,True,False
2015-12-01,237.761,244.547,5.0,0.98,2.24,-0.3,0.006387247515364791,0.020715072792840905,0.0020240653461796043,-0.0010629512163005117,0.0007407975545945522,-9.814232404381507e-05,1.2600000000000002,0.06,-0.09999999999999964,False,True,True,False
2016-01-01,237.652,244.955,4.8,0.9,2.09,0.09,0.012375025026943876,0.02145022538582464,0.005987777511579084,0.00396371216539948,0.0007351525929837344,-5.644961610817845e-06,1.19,0.39,-0.20000000000000018,False,True,True,False
2016-02-01,237.336,245.51,4.9,0.73,1.78,-0.23,0.008472775790126619,0.02222573822094165,-0.0039022492368172568,-0.009890026748396341,0.0007755128351170093,4.036024213327494e-05,1.05,-0.32,0.10000000000000053,True,False,True,False
2016-03-01,238.08,245.913,5.0,0.88,1.89,-0.34,0.008916160965521946,0.02142426948557663,0.00044338517539532774,0.0043456344122125845,-0.0008014687353650185,-0.0015769815704820278,1.0099999999999998,-0.11000000000000001,0.09999999999999964,False,True,True,False
2016-04-01,238.992,246.551,5.1,0.77,1.81,-0.1,0.011726257503534843,0.02156654761214183,0.002810096538012896,0.0023667113626175684,0.00014227812656519845,0.000943746861930217,1.04,0.24000000000000002,0.09999999999999964,False,True,True,False
2016-05-01,239.557,247.137,4.8,0.82,1.81,-0.35,0.010784764621246223,0.022545595974976074,-0.0009414928822886193,-0.0037515894203015154,0.000979048362834245,0.0008367702362690466,0.9900000000000001,-0.24999999999999997,-0.2999999999999998,True,False,True,False
2016-06-01,240.222,247.54,4.9,0.73,1.64,0.12,0.010792865347959424,0.022622116465067066,8.100726713200501e-06,0.0009495936090018198,7.652049009099215e-05,-0.0009025278727432529,0.9099999999999999,0.47,0.10000000000000053,False,True,True,False
2016-07-01,240.101,247.829,4.8,0.67,1.5,0.05,0.008683633430518256,0.021701399624842965,-0.0021092319174411678,-0.0021173326441543683,-0.0009207168402241006,-0.0009972373303150928,0.83,-0.06999999999999999,-0.10000000000000053,True,False,True,False
2016-08-01,240.545,248.423,4.9,0.74,1.56,-0.21,0.010553158595656864,0.023087345614186683,0.001869525165138608,0.003978757082579776,0.0013859459893437176,0.002306662829567818,0.8200000000000001,-0.26,0.10000000000000053,False,True,True,False
2016-09-01,241.176,248.842,5.0,0.77,1.63,-0.09,0.015486446201652182,0.022711206825691832,0.004933287605995318,0.00306376244085671,-0.00037613878849485083,-0.0017620847778385684,0.8599999999999999,0.12,0.09999999999999964,False,True,True,False
2016-10-01,241.741,249.142,4.9,0.84,1.76,-0.07,0.01685924966243646,0.022045551507991146,0.0013728034607842776,-0.0035604841452110403,-0.0006656553177006863,-0.0002895165292058355,0.92,0.01999999999999999,-0.09999999999999964,False,True,True,False
2016-11-01,242.026,249.481,4.7,0.98,2.14,-0.22,0.016843334719788938,0.021454219398053587,-1.5914942647521357e-05,-0.001388718403431799,-0.000591332109937559,7.432320776312729e-05,1.1600000000000001,-0.15,-0.20000000000000018,True,False,True,False
2016-12-01,242.637,249.92,4.7,1.2,2.49,0.38,0.020507989115119862,0.02197123661300271,0.003664654395330924,0.0036805693379784454,0.0005170172149491226,0.0011083493248866816,1.2900000000000003,0.6,0.0,False,True,True,False
2017-01-01,243.618,250.467,4.7,1.21,2.43,-0.12,0.025103933482571117,0.022502092221020176,0.0045959443674512546,0.0009312899721203305,0.0005308556080174665,1.383839306834389e-05,1.2200000000000002,-0.5,0.0,False,True,True,False
2017-02-01,244.006,250.998,4.6,1.2,2.42,-0.09,0.028103616813294208,0.022353468290497336,0.002999683330723091,-0.0015962610367281638,-0.00014862393052283984,-0.0006794795385403063,1.22,0.03,-0.10000000000000053,False,True,True,False
2017-03-01,243.892,250.944,4.4,1.31,2.48,0.02,0.0244119623655914,0.02045845481938735,-0.003691654447702808,-0.006691337778425899,-0.0018950134711099853,-0.0017463895405871455,1.17,0.11,-0.1999999999999993,True,False,True,False
2017-04-01,244.193,251.227,4.4,1.24,2.3,0.34,0.02176223471915395,0.018965650108902388,-0.0026497276464374497,0.0010419268012653582,-0.0014928047104849629,0.0004022087606250224,1.0599999999999998,0.32,0.0,False,False,True,False
2017-05-01,244.004,251.43,4.4,1.3,2.3,0.02,0.018563431667619756,0.017370931912259246,-0.0031988030515341936,-0.0005490754050967439,-0.0015947181966431412,-0.0001019134861581783,0.9999999999999998,-0.32,0.0,True,False,True,False
2017-06-01,244.163,251.746,4.3,1.34,2.19,0.16,0.01640565809959127,0.01699119334249022,-0.002157773568028487,0.0010410294835057066,-0.0003797385697690281,0.001214979626874113,0.8499999999999999,0.14,-0.10000000000000053,False,False,True,False
2017-07-01,244.243,251.985,4.3,1.37,2.32,-0.17,0.017251073506566073,0.016769627444729984,0.0008454154069748032,0.0030031889750032903,-0.00022156589776023417,0.00015817267200879392,0.9499999999999997,-0.33,0.0,False,True,True,False
2017-08-01,245.183,252.535,4.4,1.34,2.21,0.01,0.0192812155729698,0.016552412618799472,0.0020301420664037284,0.0011847266594289252,-0.00021721482593051178,4.351071829722386e-06,0.8699999999999999,0.18000000000000002,0.10000000000000053,False,True,True,False
2017-09-01,246.435,252.812,4.3,1.38,2.2,0.18,0.021805652303711787,0.015953898457655935,0.0025244367307419857,0.0004942946643382573,-0.0005985141611435374,-0.0003812993352130256,0.8200000000000003,0.16999999999999998,-0.10000000000000053,False,True,True,False
2017-10-01,246.626,253.526,4.2,1.55,2.36,0.54,0.02020757753132485,0.017596390813271245,-0.001598074772386937,-0.004122511503128923,0.0016424923556153104,0.0022410065167588478,0.8099999999999998,0.36000000000000004,-0.09999999999999964,True,False,True,False
2017-11-01,247.284,253.816,4.2,1.7,2.35,0.23,0.02172493864295566,0.017376072726981162,0.0015173611116308106,0.0031154358840177476,-0.00022031808629008331,-0.0018628104419053937,0.6500000000000001,-0.31000000000000005,0.0,False,True,True,False
2017-12-01,247.805,254.344,4.1,1.84,2.4,0.2,0.021299307195522532,0.01770166453265043,-0.000425631447433128,-0.0019429925590639385,0.0003255918056692675,0.0005459098919593508,0.5599999999999998,-0.03,-0.10000000000000053,True,False,True,False
2018-01-01,248.859,255.204,4.0,2.03,2.58,-0.23,0.02151318868063945,0.018912671130328462,0.00021388148511691796,0.0006395129325500459,0.0012110065976780326,0.0008854147920087652,0.5500000000000003,-0.43000000000000005,-0.09999999999999964,False,True,True,False
2018-02-01,249.529,255.711,4.1,2.18,2.86,0.47,0.02263468931091861,0.0187770420481439,0.0011215006302791597,0.0009076191451622417,-0.00013562908218456293,-0.0013466356798625956,0.6799999999999997,0.7,0.09999999999999964,False,True,True,False
2018-03-01,249.577,256.271,4.0,2.28,2.84,0.1,0.023309497646499366,0.021227843662331214,0.0006748083355807566,-0.0004466922946984031,0.0024508016141873146,0.0025864306963718775,0.56,-0.37,-0.09999999999999964,False,True,True,False
2018-04-01,250.227,256.63,4.0,2.38,2.87,0.39,0.024709963021052994,0.02150644636125887,0.0014004653745536277,0.0007256570389728711,0.00027860269892765466,-0.00217219891525966,0.4900000000000002,0.29000000000000004,0.0,False,True,True,False
2018-05-01,250.792,257.145,3.8,2.51,2.98,-0.15,0.02781921607842497,0.02272998448872432,0.0031092530573719745,0.0017087876828183468,0.001223538127465451,0.0009449354285377964,0.4700000000000002,-0.54,-0.20000000000000018,False,True,True,False
2018-06-01,251.018,257.399,4.0,2.53,2.91,0.21,0.028075506935940187,0.022455173071270318,0.00025629085751521785,-0.0028529621998567567,-0.00027481141745400173,-0.0014983495449194528,0.38000000000000034,0.36,0.20000000000000018,False,True,True,False
2018-07-01,251.214,257.699,3.8,2.61,2.89,0.05,0.02854124785561929,0.02267595293370639,0.0004657409196791029,0.00020945006216388506,0.00022077986243607128,0.000495591279890073,0.28000000000000025,-0.15999999999999998,-0.20000000000000018,False,True,True,False
2018-08-01,251.663,257.891,3.8,2.64,2.89,0.3,0.026429238568742575,0.021208941334864617,-0.002112009286876715,-0.0025777502065558178,-0.001467011598841772,-0.0016877914612778433,0.25,0.25,0.0,True,False,True,False
2018-09-01,252.182,258.368,3.7,2.77,3.0,0.01,0.02332055105808828,0.021976804898501623,-0.0031086875106542955,-0.0009966782237775806,0.0007678635636370057,0.0022348751624787777,0.22999999999999998,-0.29,-0.09999999999999964,True,False,True,False
2018-10-01,252.772,258.917,3.8,2.86,3.15,-0.21,0.02492032470218053,0.02126409125691242,0.0015997736440922505,0.004708461154746546,-0.0007127136415892021,-0.0014805772052262078,0.29000000000000004,-0.22,0.09999999999999964,False,True,True,False
2018-11-01,252.594,259.439,3.8,2.86,3.12,0.01,0.02147328577667773,0.022153843729315836,-0.003447038925502799,-0.005046812569595049,0.0008897524724034156,0.0016024661139926177,0.26000000000000023,0.22,0.0,True,False,True,False
2018-12-01,252.767,260.063,3.9,2.68,2.83,-0.13,0.020023809043401064,0.022485295505299874,-0.0014494767332766667,0.001997562192226132,0.0003314517759840374,-0.0005583006964193782,0.1499999999999999,-0.14,0.10000000000000009,False,False,True,False
2019-01-01,252.561,260.766,4.0,2.54,2.71,-0.36,0.014875893578291333,0.021794329242488475,-0.005147915465109731,-0.0036984387318330647,-0.0006909662628113988,-0.0010224180387954362,0.16999999999999993,-0.22999999999999998,0.10000000000000009,True,False,True,False
2019-02-01,253.319,261.186,3.8,2.5,2.68,-0.41,0.015188615351321877,0.021410889637129227,0.00031272177303054427,0.005460637238140276,-0.00038343960535924815,0.0003075266574521507,0.18000000000000016,-0.04999999999999999,-0.20000000000000018,False,True,True,False
2019-03-01,254.277,261.567,3.8,2.41,2.57,-0.1,0.018831863513063984,0.0206656235001228,0.0036432481617421075,0.0033305263887115633,-0.0007452661370064284,-0.00036182653164718026,0.1599999999999997,0.30999999999999994,0.0,False,True,True,False
2019-04-01,255.233,261.997,3.7,2.34,2.53,-0.51,0.020005834702090608,0.020913377235709074,0.0011739711890266236,-0.002469276972715484,0.0002477537355862758,0.0009930198725927042,0.18999999999999995,-0.41000000000000003,-0.09999999999999964,False,True,True,False
2019-05-01,255.296,262.217,3.6,2.21,2.4,0.02,0.017959105553606136,0.0197242800754438,-0.002046729148484472,-0.0032207003375110954,-0.0011890971602652733,-0.0014368508958515491,0.18999999999999995,0.53,-0.10000000000000009,True,False,True,False
2019-06-01,255.213,262.739,3.6,1.81,2.07,0.03,0.01671194894390049,0.020746001344216447,-0.0012471566097056463,0.0007995725387788255,0.0010217212687726462,0.0022108184290379196,0.2599999999999998,0.009999999999999998,0.0,False,False,True,False
2019-07-01,255.802,263.28,3.7,1.84,2.06,-0.37,0.01826331335037068,0.021657049503490455,0.0015513644064701904,0.0027985210161758367,0.0009110481592740083,-0.00011067310949863796,0.21999999999999997,-0.4,0.10000000000000009,False,True,True,False
2019-08-01,256.036,263.877,3.6,1.57,1.63,0.17,0.017376412106666406,0.02321135673598529,-0.0008869012437042745,-0.002438265650174465,0.0015543072324948337,0.0006432590732208254,0.05999999999999983,0.54,-0.10000000000000009,True,False,True,False
2019-09-01,256.43,264.388,3.5,1.65,1.7,-0.43,0.016844977040391562,0.023300099083477743,-0.0005314350662748435,0.000355466177429431,8.874234749245424e-05,-0.0014655648850023795,0.050000000000000044,-0.6,-0.10000000000000009,False,False,True,False
2019-10-01,257.155,264.97,3.6,1.55,1.71,-0.78,0.017339736996186295,0.023378148209658223,0.0004947599557947324,0.001026195022069576,7.804912618047943e-05,-1.069322131197481e-05,0.15999999999999992,-0.35000000000000003,0.10000000000000009,False,True,True,False
2019-11-01,257.879,265.548,3.6,1.61,1.81,0.2,0.020922903948629168,0.023546960942649298,0.0035831669524428733,0.003088406996648141,0.0001688127329910749,9.076360681059548e-05,0.19999999999999996,0.98,0.0,False,True,True,False
2019-12-01,258.63,266.02,3.6,1.61,1.86,-0.35,0.023195274699624457,0.022905988164406255,0.0022723707509952895,-0.0013107962014475838,-0.000640972778243043,-0.0008097855112341179,0.25,-0.55,0.0,False,True,True,False
2020-01-01,259.127,266.716,3.6,1.52,1.76,-0.25,0.02599767976845202,0.022817391837892886,0.0028024050688275626,0.0005300343178322731,-8.859632651336824e-05,0.0005523764517296748,0.24,0.09999999999999998,0.0,False,True,True,False
2020-02-01,259.25,267.37,3.5,1.33,1.5,0.07,0.023413166797595197,0.023676613601035346,-0.0025845129708568226,-0.005386918039684385,0.0008592217631424592,0.0009478180896558275,0.16999999999999993,0.32,-0.10000000000000009,True,False,True,False
2020-03-01,258.076,267.054,4.4,0.45,0.87,-4.36,0.014940399642909163,0.02097741687598198,-0.008472767154686034,-0.005888254183829211,-0.0026991967250533655,-0.0035584184881958247,0.42,-4.430000000000001,0.9000000000000004,True,False,True,False
2020-04-01,256.032,265.746,14.8,0.22,0.66,-18.22,0.003130472940411133,0.014309324152566472,-0.01180992670249803,-0.0033371595478119964,-0.0066680927234155085,-0.003968895998362143,0.44000000000000006,-13.86,10.4,True,False,True,False
2020-05-01,255.802,265.412,13.2,0.17,0.67,4.74,0.001982013035848551,0.012184564692601985,-0.001148459904562582,0.010661466797935448,-0.002124759459964487,0.0045433332634510215,0.5,22.96,-1.6000000000000014,False,False,True,False
2020-06-01,257.042,265.849,11.0,0.19,0.73,6.29,0.007166562831830481,0.011836841884912408,0.00518454979598193,0.006333009700544512,-0.00034772280768957664,0.0017770366522749104,0.54,1.5499999999999998,-2.1999999999999993,False,True,True,False
2020-07-01,258.352,267.389,10.2,0.15,0.62,2.63,0.009968647625897997,0.015606958371315871,0.0028020847940675164,-0.0023824650019144133,0.003770116486403463,0.00411783929409304,0.47,-3.66,-0.8000000000000007,False,True,True,False
2020-08-01,259.316,268.422,8.4,0.14,0.65,1.25,0.012810698495523853,0.017223933878284248,0.002842050869625856,3.996607555833975e-05,0.0016169755069683767,-0.0021531409794350864,0.51,-1.38,-1.799999999999999,False,True,True,False
2020-09-01,259.997,268.933,7.8,0.13,0.68,0.49,0.013910228912373812,0.01719064405343662,0.0010995304168499587,-0.0017425204527758975,-3.328982484762655e-05,-0.0016502653318160032,0.55,-0.76,-0.6000000000000005,False,True,True,False
2020-10-01,260.319,269.306,6.9,0.15,0.79,1.01,0.012303863428671624,0.01636411669245552,-0.001606365483702188,-0.0027058959005521466,-0.0008265273609810997,-0.0007932375361334731,0.64,0.52,-0.8999999999999995,True,False,True,False
2020-11-01,260.911,269.981,6.7,0.17,0.87,0.28,0.011757452138405844,0.016693780408814973,-0.0005464112902657803,0.0010599541934364076,0.0003296637163594518,0.0011561910773405515,0.7,-0.73,-0.20000000000000018,False,False,True,False
2020-12-01,262.045,270.341,6.7,0.14,0.93,0.68,0.013204191315779434,0.01624313961356294,0.0014467391773735905,0.0019931504676393708,-0.00045064079525203304,-0.0007803045116114848,0.79,0.4,0.0,False,True,True,False
2021-01-01,262.639,270.416,6.4,0.13,1.08,0.88,0.013553199782346148,0.013872433599783962,0.0003490084665667137,-0.0010977307108068768,-0.002370706013778978,-0.0019200652185269451,0.9500000000000001,0.19999999999999996,-0.2999999999999998,False,True,True,False
2021-02-01,263.573,270.776,6.2,0.12,1.26,-1.84,0.01667502410800381,0.012738901148221515,0.0031218243256576628,0.002772815859090949,-0.0011335324515624468,0.0012371735622165314,1.1400000000000001,-2.72,-0.20000000000000018,False,True,True,False
2021-03-01,264.847,271.453,6.1,0.15,1.61,2.37,0.02623645747764214,0.01647232394946352,0.009561433369638328,0.006439609043980665,0.0037334228012420034,0.00486695525280445,1.4600000000000002,4.21,-0.10000000000000053,False,True,True,False
2021-04-01,266.625,273.626,6.1,0.16,1.64,0.12,0.04137373453318349,0.02965237482408023,0.015137277055541354,0.005575843685903026,0.013180050874616711,0.009446628073374708,1.48,-2.25,0.0,False,True,True,False
2021-05-01,268.404,275.457,5.8,0.16,1.62,0.22,0.049264665639830785,0.03784681928473477,0.007890931106647292,-0.007246345948894062,0.008194444460654537,-0.004985606413962174,1.4600000000000002,0.1,-0.2999999999999998,False,True,True,False
2021-06-01,270.71,277.608,5.9,0.2,1.52,0.3,0.05317418943207719,0.04423187598975353,0.0039095237922464054,-0.003981407314400887,0.006385056705018766,-0.0018093877556357718,1.32,0.07999999999999999,0.10000000000000053,False,True,True,False
2021-07-01,271.965,278.639,5.4,0.22,1.32,0.75,0.05269167647240969,0.042073533316628664,-0.00048251295966750263,-0.004392036751913908,-0.002158342673124869,-0.008543399378143635,1.1,0.45,-0.5,True,False,True,False
2021-08-01,272.752,279.021,5.1,0.22,1.28,-0.05,0.05181323173271246,0.039486331224713345,-0.0008784447396972261,-0.0003959317800297235,-0.0025872020919153194,-0.0004288594187904504,1.06,-0.8,-0.3000000000000007,True,False,True,False
2021-09-01,273.942,279.727,4.7,0.24,1.37,-0.13,0.05363523425270289,0.040136390848278136,0.0018220025199904288,0.002700447259687655,0.0006500596235647915,0.003237261715480111,1.1300000000000001,-0.08,-0.39999999999999947,False,True,True,False
2021-10-01,276.528,281.649,4.5,0.39,1.58,0.93,0.06226591220771449,0.045832621627442505,0.0086306779550116,0.006808675435021172,0.0056962307791643685,0.005046171155599577,1.19,1.06,-0.20000000000000018,False,True,True,False
2021-11-01,278.824,283.411,4.2,0.51,1.56,0.63,0.06865559520296194,0.049744241261422184,0.006389682995247448,-0.002240994959764153,0.003911619633979679,-0.001784611145184689,1.05,-0.30000000000000004,-0.2999999999999998,False,True,True,False
2021-12-01,280.806,285.221,3.9,0.68,1.47,0.16,0.07159457345112474,0.055041595614427674,0.0029389782481628046,-0.003450704747084643,0.00529735435300549,0.0013857347190258107,0.7899999999999999,-0.47,-0.30000000000000027,False,True,True,False
2022-01-01,282.542,286.799,4.0,0.98,1.76,-0.01,0.07578082463000535,0.060584432873794336,0.004186251178880607,0.001247272930717802,0.005542837259366662,0.00024548290636117187,0.78,-0.17,0.10000000000000009,False,True,True,False
2022-02-01,284.525,288.256,3.8,1.44,1.93,0.43,0.07949220898953979,0.06455520430171058,0.003711384359534442,-0.0004748668193461647,0.003970771427916242,-0.00157206583145042,0.49,0.44,-0.20000000000000018,False,True,True,False
2022-03-01,287.467,289.044,3.7,1.91,2.13,0.39,0.08540780148538585,0.06480311508806325,0.005915592495846056,0.002204208136311614,0.0002479107863526675,-0.0037228606415635745,0.21999999999999997,-0.03999999999999998,-0.09999999999999964,False,True,True,False
2022-04-01,288.582,290.474,3.7,2.54,2.75,0.01,0.08235161744022501,0.06157309612390649,-0.003056184045160837,-0.008971776541006893,-0.0032300189641567556,-0.003477929750509423,0.20999999999999996,-0.38,0.0,True,False,True,False
2022-05-01,291.299,292.039,3.6,2.62,2.9,-0.42,0.08530051713089226,0.06019814344888674,0.0029488996906672504,0.006005083735828087,-0.0013749526750197472,0.0018550662891370084,0.2799999999999998,-0.43,-0.10000000000000009,False,True,True,False
2022-06-01,295.072,294.009,3.6,3.0,3.14,-0.26,0.08999298141923107,0.059079709518457646,0.004692464288338805,0.0017435645976715541,-0.0011184339304290969,0.00025651874459065027,0.14000000000000012,0.15999999999999998,0.0,False,True,True,False
2022-07-01,294.94,295.08,3.5,3.04,2.9,0.2,0.08447778206754553,0.05900466194610221,-0.00551519935168554,-0.010207663640024345,-7.504757235543558e-05,0.0010433863580736613,-0.14000000000000012,0.46,-0.10000000000000009,True,False,True,True
2022-08-01,295.162,296.582,3.6,3.25,2.9,0.03,0.08216255059541266,0.0629379150673246,-0.0023152314721328615,0.0031999678795526787,0.003933253121222391,0.0040083006935778265,-0.3500000000000001,-0.17,0.10000000000000009,False,False,True,True
2022-09-01,296.421,298.281,3.5,3.86,3.52,0.0,0.08205751582451759,0.06632895644682146,-0.00010503477089507385,0.0022101967012377877,0.003391041379496862,-0.000542211741725529,-0.33999999999999986,-0.03,-0.10000000000000009,False,False,True,True
2022-10-01,297.979,299.381,3.6,4.38,3.98,0.03,0.07757261470809462,0.06295779498595766,-0.004484901116422968,-0.004379866345527894,-0.003371161460863803,-0.006762202840360665,-0.3999999999999999,0.03,0.10000000000000009,True,False,True,True
2022-11-01,298.708,300.316,3.6,4.5,3.89,-0.59,0.0713138036897829,0.059648355215570215,-0.006258811018311716,-0.0017739099018887483,-0.0033094397703874456,6.172169047635734e-05,-0.6099999999999999,-0.62,0.0,True,False,True,True
2022-12-01,298.808,301.433,3.5,4.29,3.62,-0.47,0.06410831677385809,0.05684013449220071,-0.007205486915924819,-0.0009466758976131029,-0.0028082207233695033,0.0005012190470179423,-0.6699999999999999,0.12,-0.10000000000000009,True,False,True,True
2023-01-01,300.456,302.685,3.5,4.21,3.53,0.58,0.06340296309929161,0.05539070917262623,-0.0007053536745664779,0.006500133241358341,-0.0014494253195744822,0.0013587954037950212,-0.6800000000000002,1.0499999999999998,0.0,False,False,True,True
2023-02-01,301.476,304.097,3.6,4.53,3.75,-0.4,0.05957648712766894,0.054954623667850866,-0.003826475971622667,-0.003121122297056189,-0.0004360855047753631,0.001013339814799119,-0.7800000000000002,-0.98,0.10000000000000009,True,False,True,True
2023-03-01,301.643,305.123,3.5,4.3,3.66,-0.41,0.04931348641757127,0.055628208854015426,-0.01026300071009767,-0.006436524738475002,0.0006735851861645603,0.0011096706909399234,-0.6399999999999997,-0.009999999999999953,-0.10000000000000009,True,False,True,True
2023-04-01,302.858,306.49,3.4,4.02,3.46,0.04,0.049469474880623254,0.055137464971047434,0.00015598846305198144,0.010418989173149651,-0.0004907438829679922,-0.0011643290691325525,-0.5599999999999996,0.44999999999999996,-0.10000000000000009,False,True,True,True
2023-05-01,303.316,307.623,3.6,4.13,3.57,-0.2,0.04125314539356473,0.05336273579898587,-0.008216329487058527,-0.008372317950110508,-0.0017747291720615621,-0.00128398528909357,-0.56,-0.24000000000000002,0.20000000000000018,True,False,True,True
2023-06-01,304.099,308.291,3.6,4.64,3.75,-0.41,0.030592533347792994,0.048576744249325676,-0.010660612045771733,-0.0024442825587132067,-0.004785991549660196,-0.0030112623775986336,-0.8899999999999997,-0.20999999999999996,0.0,True,False,True,True
2023-07-01,304.615,308.959,3.5,4.83,3.9,0.11,0.0328032820234625,0.047034702453572,0.002210748675669505,0.012871360721441238,-0.0015420417957536792,0.0032439497539065165,-0.9300000000000002,0.52,-0.10000000000000009,False,True,True,True
2023-08-01,306.138,309.646,3.7,4.9,4.17,-0.19,0.037186358677607556,0.044048526208603445,0.004383076654145057,0.0021723279784755523,-0.0029861762449685525,-0.0014441344492148733,-0.7300000000000004,-0.3,0.20000000000000018,False,True,True,True
2023-09-01,307.374,310.616,3.8,5.02,4.38,-0.04,0.03695082332223443,0.04135362292603273,-0.00023553535537312875,-0.004618612009518186,-0.0026949032825707153,0.0002912729623978372,-0.6399999999999997,0.15,0.09999999999999964,True,False,True,True
2023-10-01,307.653,311.433,3.9,5.07,4.8,-0.51,0.03246537507676717,0.04025639569645367,-0.004485448245467261,-0.004249912890094132,-0.0010972272295790564,0.001597676052991659,-0.27000000000000046,-0.47000000000000003,0.10000000000000009,True,False,True,True
2023-11-01,308.087,312.373,3.7,4.88,4.5,0.15,0.03139855644977696,0.040147711077664905,-0.001066818626990207,0.0034186296184770537,-0.000108684618788768,0.0009885426107902884,-0.3799999999999999,0.66,-0.19999999999999973,False,False,True,True
2023-12-01,308.735,313.23,3.8,4.46,4.02,-0.1,0.03322200208829762,0.039136391835001616,0.0018234456385206599,0.002890264265510867,-0.0010113192426632889,-0.0009026346238745209,-0.4400000000000004,-0.25,0.09999999999999964,False,True,True,True
2024-01-01,309.794,314.389,3.7,4.32,4.06,-0.99,0.031079425939238847,0.03866726134430176,-0.0021425761490587725,-0.003966021787579432,-0.0004691304906998539,0.000542188751963435,-0.2600000000000007,-0.89,-0.09999999999999964,True,False,True,True
2024-02-01,311.022,315.555,3.9,4.54,4.21,0.28,0.0316642120765831,0.037678766972380595,0.0005847861373442509,0.0027273622864030234,-0.000988494371921167,-0.000519363881221313,-0.33000000000000007,1.27,0.19999999999999973,False,True,True,True
2024-03-01,312.107,316.762,3.9,4.59,4.21,-0.13,0.034690014354717524,0.03814527256221267,0.0030258022781344263,0.0024410161407901754,0.000466505589832078,0.001454999961753245,-0.3799999999999999,-0.41000000000000003,0.0,False,True,True,True
2024-04-01,313.016,317.596,3.9,4.87,4.54,-0.33,0.033540471111874304,0.03623609253156701,-0.0011495432428432206,-0.004175345520977647,-0.001909180030645663,-0.002375685620477741,-0.33000000000000007,-0.2,0.0,True,False,True,True
2024-05-01,313.14,318.053,4.0,4.86,4.48,0.19,0.03238866396761142,0.03390513713213905,-0.001151807144262884,-2.2639014196634832e-06,-0.0023309553994279586,-0.0004217753687822956,-0.3799999999999999,0.52,0.10000000000000009,True,False,True,True
2024-06-01,313.131,318.343,4.1,4.74,4.31,-0.23,0.029700853998204435,0.03260555773603513,-0.0026878099694069846,-0.0015360028251441005,-0.0012995793961039226,0.001031376003324036,-0.4300000000000006,-0.42000000000000004,0.09999999999999964,True,False,True,True
2024-07-01,313.566,318.933,4.2,4.5,4.25,-0.38,0.029384633061405374,0.032282600603963596,-0.00031622093679906094,0.0023715890326079236,-0.000322957132071533,0.0009766222640323896,-0.25,-0.15,0.10000000000000053,False,False,True,True
2024-08-01,314.131,319.839,4.2,3.97,3.87,-0.07,0.026109140322338353,0.032918235662659834,-0.0032754927390670208,-0.00295927180226796,0.0006356350586962378,0.0009585921907677708,-0.10000000000000009,0.31,0.0,True,False,True,True
2024-09-01,314.851,320.835,4.1,3.62,3.72,-0.25,0.02432541464144644,0.03289914234939606,-0.0017837256808919122,0.0014917670581751086,-1.9093313263773837e-05,-0.0006547283719600117,0.10000000000000009,-0.18,-0.10000000000000053,False,False,True,False
2024-10-01,315.564,321.688,4.1,3.97,4.1,-0.54,0.025714034967967203,0.03292843083424035,0.001388620326520762,0.003172346007412674,2.928848484429203e-05,4.8381798108065865e-05,0.12999999999999945,-0.29000000000000004,0.0,False,True,True,False
2024-11-01,316.449,322.619,4.2,4.26,4.36,0.0,0.027141684004842848,0.03280053013544726,0.0014276490368756445,3.9028710354882534e-05,-0.00012790069879309307,-0.0001571891836373851,0.10000000000000053,0.54,0.10000000000000053,False,True,True,False
2024-12-01,317.603,323.296,4.1,4.23,4.39,0.36,0.02872366268806581,0.03213613000031912,0.001581978683222962,0.0001543296463473176,-0.0006644001351281403,-0.0005364994363350473,0.15999999999999925,0.36,-0.10000000000000053,False,True,True,False
2025-01-01,319.086,324.739,4.0,4.27,4.63,-0.43,0.029994125128311122,0.032920999144371965,0.0012704624402453124,-0.0003115162429776497,0.0007848691440528466,0.001449269279180987,0.3600000000000003,-0.79,-0.09999999999999964,False,True,True,False
2025-02-01,319.775,325.475,4.1,4.21,4.45,0.42,0.028142703731568686,0.03143667506456893,-0.0018514213967424364,-0.003121883836987749,-0.0014843240798030344,-0.002269193223855881,0.2400000000000002,0.85,0.09999999999999964,True,False,True,False
2025-03-01,319.615,325.659,4.2,3.97,4.28,0.17,0.024055852640280317,0.028087333707957463,-0.004086851091288368,-0.0022354296945459318,-0.0033493413566114683,-0.0018650172768084339,0.31000000000000005,-0.24999999999999997,0.10000000000000053,True,False,True,False
2025-04-01,320.321,326.43,4.2,3.78,4.28,-0.35,0.023337465177498906,0.027815211778485782,-0.0007183874627814113,0.003368463628506957,-0.00027212192947168035,0.003077219427139788,0.5000000000000004,-0.52,0.0,False,False,True,False
2025-05-01,320.58,326.854,4.2,3.92,4.42,-0.27,0.023759340869898393,0.027671488714145154,0.0004218756923994871,0.0011402631551808984,-0.00014372306434062843,0.00012839886513105192,0.5,0.07999999999999996,0.0,False,True,True,False
2025-06-01,321.5,327.6,4.1,3.89,4.38,-0.11,0.026726833178446263,0.02907869813377406,0.00296749230854787,0.002545616616148383,0.0014072094196289076,0.001550932483969536,0.48999999999999977,0.16000000000000003,-0.10000000000000053,False,True,True,False
2025-07-01,322.132,328.656,4.2,3.88,4.39,-0.12,0.027318012794754543,0.030486026845763847,0.0005911796163082794,-0.0023763126922395905,0.001407328711989786,1.192923608783758e-07,0.5099999999999998,-0.009999999999999995,0.10000000000000053,False,True,True,False
2025-08-01,323.364,329.793,4.3,3.7,4.26,-0.31,0.029392196249335534,0.031121908210068217,0.002074183454580991,0.0014830038382727118,0.0006358813643043693,-0.0007714473476854167,0.5599999999999996,-0.19,0.09999999999999964,False,True,True,False
2025-09-01,324.368,330.542,4.4,3.57,4.12,-0.21,0.03022699626172387,0.030255427244533672,0.000834800012388337,-0.0012393834421926542,-0.000866480965534544,-0.0015023623298389133,0.5500000000000003,0.1,0.10000000000000053,False,True,True,False
2025-10-01,,,,3.52,4.06,,0.027899253400261115,0.027523563204098433,-0.002327742861462756,-0.003162542873851093,-0.002731864040435239,-0.001865383074900695,0.5399999999999996,,,True,False,False,False
2025-11-01,325.031,331.068,4.6,3.55,4.09,,0.027119693852721838,0.026188786153326316,-0.0007795595475392769,0.001548183313923479,-0.001334777050772118,0.001397086989663121,0.54,,,False,False,False,False
2025-12-01,,,,3.5,4.14,,0.02338768840344696,0.024039889141838966,-0.0037320054492748778,-0.002952445901735601,-0.0021488970114873496,-0.0008141199607152316,0.6399999999999997,,,True,False,False,False
